PlotNumber,SiteUnit
08-5462,CWH xm 2 /101
08-5481,CWH xm 2 /101
1131,CWH xm 2 /101
1147,CWH xm 2 /101
1148,CWH xm 2 /101
1179,CWH xm 2 /101
1185,CWH xm 2 /101
11-9737,CWH xm 2 /101
1200,CWH xm 2 /101
1201,CWH xm 2 /101
12-1969,CWH xm 2 /101
12-1971,CWH xm 2 /101
8235004,CWH xm 2 /101
8235027,CWH xm 2 /101
8235202,CWH xm 2 /101
8235225,CWH xm 2 /101
8235232,CWH xm 2 /101
8235243,CWH xm 2 /101
8235279,CWH xm 2 /101
82RF054,CWH xm 2 /101
9622297,CWH xm 2 /101
9622302,CWH xm 2 /101
9622304,CWH xm 2 /101
9800080,CWH xm 2 /101
9800155,CWH xm 2 /101
CDC0090,CWH xm 2 /101
CDC0107,CWH xm 2 /101
CDC0116,CWH xm 2 /101
CDC0132,CWH xm 2 /101
CDC0139,CWH xm 2 /101
CDC0168,CWH xm 2 /101
CDC0180,CWH xm 2 /101
CDC0986,CWH xm 2 /101
CDC1050,CWH xm 2 /101
CDC1102,CWH xm 2 /101
FPR534,CWH xm 2 /101
FPR535,CWH xm 2 /101
FPR536,CWH xm 2 /101
FPR537,CWH xm 2 /101
FTR524,CWH xm 2 /101
FTR525,CWH xm 2 /101
FTR526,CWH xm 2 /101
GD001,CWH xm 2 /101
GD004,CWH xm 2 /101
GD005,CWH xm 2 /101
GD007,CWH xm 2 /101
GD009,CWH xm 2 /101
GD012,CWH xm 2 /101
GD021,CWH xm 2 /101
GD022,CWH xm 2 /101
GD023,CWH xm 2 /101
GD025,CWH xm 2 /101
GD027,CWH xm 2 /101
GD030,CWH xm 2 /101
GD031,CWH xm 2 /101
GD032,CWH xm 2 /101
GD035,CWH xm 2 /101
GD036,CWH xm 2 /101
GR 099,CWH xm 2 /101
GR 100,CWH xm 2 /101
JERV29,CWH xm 2 /101
JERV37,CWH xm 2 /101
KO 053,CWH xm 2 /101
KO 064,CWH xm 2 /101
KO 065,CWH xm 2 /101
KO 069,CWH xm 2 /101
KO 081,CWH xm 2 /101
KO 083,CWH xm 2 /101
KO 085,CWH xm 2 /101
MAD1789,CWH xm 2 /101
MAD2380,CWH xm 2 /101
MAD2381,CWH xm 2 /101
MAD2500,CWH xm 2 /101
MAD2502,CWH xm 2 /101
MAD2980,CWH xm 2 /101
MAD3080,CWH xm 2 /101
MCG1,CWH xm 2 /101
MCM1,CWH xm 2 /101
MCM2,CWH xm 2 /101
MP 102,CWH xm 2 /101
MP 103,CWH xm 2 /101
MP 104,CWH xm 2 /101
MP 105,CWH xm 2 /101
MP 106,CWH xm 2 /101
MP 107,CWH xm 2 /101
MP 143,CWH xm 2 /101
NM2006,CWH xm 2 /101
NM2039,CWH xm 2 /101
NM2050,CWH xm 2 /101
NM2134,CWH xm 2 /101
RR 008,CWH xm 2 /101
SA 008,CWH xm 2 /101
SALM44,CWH xm 2 /101
SALM45,CWH xm 2 /101
SALM84,CWH xm 2 /101
TA 028,CWH xm 2 /101
VV0086,CWH xm 2 /101
W  022,CWH xm 2 /101
W  023,CWH xm 2 /101
W  026,CWH xm 2 /101
02-0908,CWH xm 2 /102
02-0984,CWH xm 2 /102
8235220,CWH xm 2 /102
9622354,CWH xm 2 /102
CDC0267,CWH xm 2 /102
CDC0275,CWH xm 2 /102
MAD1856,CWH xm 2 /102
MAD1921,CWH xm 2 /102
RCO7701,CWH xm 2 /102
RCO7711,CWH xm 2 /102
RCO7712,CWH xm 2 /102
RR 035,CWH xm 2 /102
RR 049,CWH xm 2 /102
RR 050,CWH xm 2 /102
RR 051,CWH xm 2 /102
08-5466,CWH xm 2 /103
1113,CWH xm 2 /103
1114,CWH xm 2 /103
1123,CWH xm 2 /103
1154,CWH xm 2 /103
8235040,CWH xm 2 /103
8235247,CWH xm 2 /103
8235252,CWH xm 2 /103
9801426,CWH xm 2 /103
CDC0128,CWH xm 2 /103
CDC0152,CWH xm 2 /103
CDC0175,CWH xm 2 /103
CDC0449,CWH xm 2 /103
CDC1064,CWH xm 2 /103
FPR527,CWH xm 2 /103
GR 140,CWH xm 2 /103
JERV02,CWH xm 2 /103
KO 070,CWH xm 2 /103
MAD1776,CWH xm 2 /103
MAD1800,CWH xm 2 /103
MAD1997,CWH xm 2 /103
MAD2379,CWH xm 2 /103
MCG2,CWH xm 2 /103
MCL1,CWH xm 2 /103
NM2016,CWH xm 2 /103
NM2017,CWH xm 2 /103
NM2127,CWH xm 2 /103
RR 046,CWH xm 2 /103
SA 030,CWH xm 2 /103
SA 034,CWH xm 2 /103
SA 035,CWH xm 2 /103
SA 044,CWH xm 2 /103
SALM08,CWH xm 2 /103
T  007,CWH xm 2 /103
T  013,CWH xm 2 /103
W  024,CWH xm 2 /103
W  027,CWH xm 2 /103
9800105,CWH xm 2 /104
JERV27,CWH xm 2 /104
JERV49,CWH xm 2 /104
MAD1874,CWH xm 2 /104
MAD1878,CWH xm 2 /104
VRI874,CWH xm 2 /104
08-5465,CWH xm 2 /110
1119,CWH xm 2 /110
1122,CWH xm 2 /110
1126,CWH xm 2 /110
1127,CWH xm 2 /110
1128,CWH xm 2 /110
1135,CWH xm 2 /110
1143,CWH xm 2 /110
11-9741,CWH xm 2 /110
1202,CWH xm 2 /110
12-1903,CWH xm 2 /110
12-1968,CWH xm 2 /110
12-1970,CWH xm 2 /110
9622355,CWH xm 2 /110
9800068,CWH xm 2 /110
CDC0191,CWH xm 2 /110
CDC0782,CWH xm 2 /110
GR 098,CWH xm 2 /110
GR 101,CWH xm 2 /110
JERV01,CWH xm 2 /110
JERV47,CWH xm 2 /110
JERV50,CWH xm 2 /110
KO 051,CWH xm 2 /110
KO 071,CWH xm 2 /110
KO 072,CWH xm 2 /110
KO 075,CWH xm 2 /110
KO 082,CWH xm 2 /110
KO 090,CWH xm 2 /110
MAD2060,CWH xm 2 /110
MAD2518,CWH xm 2 /110
MAD3075,CWH xm 2 /110
MAD3076,CWH xm 2 /110
MAD3081,CWH xm 2 /110
MAD3083,CWH xm 2 /110
MAD3086,CWH xm 2 /110
MCP1,CWH xm 2 /110
MP 016,CWH xm 2 /110
MP 017,CWH xm 2 /110
MP 018,CWH xm 2 /110
MP 019,CWH xm 2 /110
MP 026,CWH xm 2 /110
MP 101,CWH xm 2 /110
MP 108,CWH xm 2 /110
MP 109,CWH xm 2 /110
MP 114,CWH xm 2 /110
MP 137,CWH xm 2 /110
MP 138,CWH xm 2 /110
MP 139,CWH xm 2 /110
MP 140,CWH xm 2 /110
MP 141,CWH xm 2 /110
MP 142,CWH xm 2 /110
MP 144,CWH xm 2 /110
MP 145,CWH xm 2 /110
MP 146,CWH xm 2 /110
MP 147,CWH xm 2 /110
MP 148,CWH xm 2 /110
MP 149,CWH xm 2 /110
MP 150,CWH xm 2 /110
MP 151,CWH xm 2 /110
MP 152,CWH xm 2 /110
MP 153,CWH xm 2 /110
MP 206,CWH xm 2 /110
MP 207,CWH xm 2 /110
MP 211,CWH xm 2 /110
MP 213,CWH xm 2 /110
MP 214,CWH xm 2 /110
RR 010,CWH xm 2 /110
SA 007,CWH xm 2 /110
SA 096,CWH xm 2 /110
SALM09,CWH xm 2 /110
SALM59,CWH xm 2 /110
SALM65,CWH xm 2 /110
T  012,CWH xm 2 /110
TA 029,CWH xm 2 /110
TA 101,CWH xm 2 /110
TA 102,CWH xm 2 /110
VRI1133,CWH xm 2 /110
W  030,CWH xm 2 /110
W  031,CWH xm 2 /110
9622305,CWH xm 2 /111
9622306,CWH xm 2 /111
9622338,CWH xm 2 /111
CDC0150,CWH xm 2 /111
CDC0181,CWH xm 2 /111
FPR539,CWH xm 2 /111
FPR540,CWH xm 2 /111
FPR541,CWH xm 2 /111
MAD3079,CWH xm 2 /111
SA 067,CWH xm 2 /111
9622299,CWH xm 2 /111
9800158,CWH xm 2 /111
8235204,CWH xm 2 /112
8235205,CWH xm 2 /112
9800072,CWH xm 2 /112
BS0013,CWH xm 2 /112
BS0017,CWH xm 2 /112
CDC0064,CWH xm 2 /112
GR 097,CWH xm 2 /112
GR 102,CWH xm 2 /112
GR 139,CWH xm 2 /112
JERV30,CWH xm 2 /112
JERV46,CWH xm 2 /112
KO 049,CWH xm 2 /112
KO 050,CWH xm 2 /112
KO 073,CWH xm 2 /112
KO 074,CWH xm 2 /112
KO 077,CWH xm 2 /112
KO 078,CWH xm 2 /112
KO 080,CWH xm 2 /112
KO 084,CWH xm 2 /112
KO 086,CWH xm 2 /112
MAD2038,CWH xm 2 /112
MAD2517,CWH xm 2 /112
MAD2981,CWH xm 2 /112
MCP2,CWH xm 2 /112
MP 005,CWH xm 2 /112
MP 013,CWH xm 2 /112
MP 015,CWH xm 2 /112
MP 024,CWH xm 2 /112
MP 025,CWH xm 2 /112
MP 110,CWH xm 2 /112
MP 112,CWH xm 2 /112
MP 113,CWH xm 2 /112
MP 115,CWH xm 2 /112
MP 117,CWH xm 2 /112
MP 118,CWH xm 2 /112
MP 119,CWH xm 2 /112
MP 120,CWH xm 2 /112
MP 121,CWH xm 2 /112
MP 122,CWH xm 2 /112
MP 136,CWH xm 2 /112
MP 155,CWH xm 2 /112
MP 156,CWH xm 2 /112
MP 157,CWH xm 2 /112
MP 158,CWH xm 2 /112
MP 201,CWH xm 2 /112
MP 202,CWH xm 2 /112
MP 203,CWH xm 2 /112
MP 204,CWH xm 2 /112
MP 205,CWH xm 2 /112
MP 209,CWH xm 2 /112
MP 210,CWH xm 2 /112
MP 212,CWH xm 2 /112
RR 020,CWH xm 2 /112
SA 094,CWH xm 2 /112
VRI1137,CWH xm 2 /112
W  025,CWH xm 2 /112
02-0944,CWH xm 2 /113
08-5482,CWH xm 2 /113
1145,CWH xm 2 /113
9400391,CWH xm 2 /113
9800079,CWH xm 2 /113
9801354,CWH xm 2 /113
9801359,CWH xm 2 /113
9801365,CWH xm 2 /113
BS0003,CWH xm 2 /113
BS0004,CWH xm 2 /113
BS0014,CWH xm 2 /113
BS0016,CWH xm 2 /113
MAD1942,CWH xm 2 /113
MAD2890,CWH xm 2 /113
MAD3074,CWH xm 2 /113
MP 014,CWH xm 2 /113
MP 020,CWH xm 2 /113
RCO7702,CWH xm 2 /113
RCO7718,CWH xm 2 /113
SA 061,CWH xm 2 /113
SA 105,CWH xm 2 /113
T  014,CWH xm 2 /113
02-0940,CWH xm 2 /114
02-0967,CWH xm 2 /114
08-5467,CWH xm 2 /114
9400373,CWH xm 2 /114
9400392,CWH xm 2 /114
9400394,CWH xm 2 /114
9801361,CWH xm 2 /114
C100005,CWH xm 2 /114
MAD1938,CWH xm 2 /114
MAD1954,CWH xm 2 /114
MAD3072,CWH xm 2 /114
MAD3073,CWH xm 2 /114
MP 161,CWH xm 2 /114
MP 162,CWH xm 2 /114
RCO7709,CWH xm 2 /114
RCO7717,CWH xm 2 /114
SALM11,CWH xm 2 /114
02-0902,CWH xm 2 /115
MAD1947,CWH xm 2 /115
RCO7716,CWH xm 2 /115
SA1030,CWH xm 2 /115
CDC0079,CWH xm 2 /Wb56
CDC0130,CWH xm 2 /Wb56
CDC0209,CWH xm 2 /Wb56
CDC0230,CWH xm 2 /Wb56
CDC0977,CWH xm 2 /Wb56
MAD1919,CWH xm 2 /Wb56
MAD1920,CWH xm 2 /Wb56
9622303,CWH xm 2 /117
9622337,CWH xm 2 /117
9622359,CWH xm 2 /117
CDC0127,CWH xm 2 /117
11-9738,CWH xm 2 /Ws54
9400527,CWH xm 2 /Ws54
CDC0088,CWH xm 2 /Ws54
CDC0112,CWH xm 2 /Ws54
CDC0136,CWH xm 2 /Ws54
CDC0177,CWH xm 2 /Ws54
CDC0183,CWH xm 2 /Ws54
CDC0197,CWH xm 2 /Ws54
MAD1953,CWH xm 2 /Ws54
MAD2295,CWH xm 2 /Ws54
MCLY1,CWH xm 2 /Ws54
MP 127,CWH xm 2 /Ws54
RCO7611,CWH xm 2 /Ws54
RR 031,CWH xm 2 /Ws54
RR 040,CWH xm 2 /Ws54
SA 020,CWH xm 2 /Ws54
SA 083,CWH xm 2 /Ws54
SA 097,CWH xm 2 /Ws54
SA1024,CWH xm 2 /Ws54
SA1029,CWH xm 2 /Ws54
